{
	"IcoMoonType": "selection",
	"icons": [
		{
			"icon": {
				"paths": [
					"M512 162.073c-193.272 0-349.927 156.655-349.927 349.927s156.655 349.944 349.927 349.944 349.944-156.672 349.944-349.944-156.672-349.927-349.944-349.927zM595.324 352.917l-163.146 163.146 155.004 155.004c6.458 6.458 6.458 16.896 0 23.354-3.221 3.221-7.449 4.839-11.677 4.839s-8.456-1.619-11.677-4.839l-166.681-166.664c-6.458-6.458-6.458-16.896 0-23.354l174.823-174.823c6.458-6.458 16.896-6.458 23.354 0s6.458 16.896 0 23.337z"
				],
				"attrs": [],
				"isMulticolor": false,
				"grid": 0,
				"tags": [
					"图标字体"
				]
			},
			"attrs": [],
			"properties": {
				"order": 6,
				"id": 0,
				"prevSize": 32,
				"code": 59648,
				"name": "back_arrow"
			},
			"setIdx": 0,
			"setId": 2,
			"iconIdx": 0
		}
	],
	"height": 1024,
	"metadata": {
		"name": "icomoon"
	},
	"preferences": {
		"showGlyphs": true,
		"showQuickUse": true,
		"showQuickUse2": true,
		"showSVGs": true,
		"fontPref": {
			"prefix": "icon-",
			"metadata": {
				"fontFamily": "icomoon"
			},
			"metrics": {
				"emSize": 1024,
				"baseline": 6.25,
				"whitespace": 50
			},
			"embed": false
		},
		"imagePref": {
			"prefix": "icon-",
			"png": true,
			"useClassSelector": true,
			"color": 4473924,
			"bgColor": 16777215
		},
		"historySize": 100,
		"showCodes": false
	}
}