{
	"IcoMoonType": "selection",
	"icons": [
		{
			"icon": {
				"paths": [
					"M983.734 718.386c-4.674 0-9.414-1.321-13.609-4.079l-451.534-297.505-465.276 288.52c-11.627 7.251-26.905 3.634-34.106-7.994-7.218-11.611-3.634-26.888 7.994-34.089l478.737-296.877c8.225-5.087 18.63-4.938 26.69 0.363l464.747 306.209c11.413 7.531 14.584 22.908 7.069 34.321-4.79 7.218-12.668 11.132-20.711 11.132z"
				],
				"attrs": [],
				"isMulticolor": false,
				"grid": 0,
				"tags": [
					"arrow-top"
				]
			},
			"attrs": [],
			"properties": {
				"order": 4,
				"id": 4,
				"prevSize": 32,
				"code": 59650,
				"name": "arrow-top"
			},
			"setIdx": 0,
			"setId": 2,
			"iconIdx": 0
		},
		{
			"icon": {
				"paths": [
					"M640.892 817.895c-6.342 0-12.684-2.411-17.524-7.251l-283.929-283.912c-9.678-9.678-9.678-25.369 0-35.047l278.297-278.297c9.678-9.678 25.352-9.678 35.031 0 9.678 9.662 9.678 25.369 0 35.031l-260.79 260.79 266.405 266.405c9.678 9.678 9.678 25.352 0 35.031-4.823 4.823-11.148 7.251-17.491 7.251z"
				],
				"attrs": [],
				"isMulticolor": false,
				"grid": 0,
				"tags": [
					"图标字体"
				]
			},
			"attrs": [],
			"properties": {
				"order": 3,
				"id": 2,
				"prevSize": 32,
				"code": 59649,
				"name": "back_arrow_line"
			},
			"setIdx": 0,
			"setId": 2,
			"iconIdx": 2
		},
		{
			"icon": {
				"paths": [
					"M512 162.073c-193.272 0-349.927 156.655-349.927 349.927s156.655 349.944 349.927 349.944 349.944-156.672 349.944-349.944-156.672-349.927-349.944-349.927zM595.324 352.917l-163.146 163.146 155.004 155.004c6.458 6.458 6.458 16.896 0 23.354-3.221 3.221-7.449 4.839-11.677 4.839s-8.456-1.619-11.677-4.839l-166.681-166.664c-6.458-6.458-6.458-16.896 0-23.354l174.823-174.823c6.458-6.458 16.896-6.458 23.354 0s6.458 16.896 0 23.337z"
				],
				"attrs": [],
				"isMulticolor": false,
				"grid": 0,
				"tags": [
					"图标字体"
				]
			},
			"attrs": [],
			"properties": {
				"order": 2,
				"id": 0,
				"prevSize": 32,
				"code": 59648,
				"name": "back_arrow"
			},
			"setIdx": 0,
			"setId": 2,
			"iconIdx": 4
		}
	],
	"height": 1024,
	"metadata": {
		"name": "icomoon"
	},
	"preferences": {
		"showGlyphs": true,
		"showQuickUse": true,
		"showQuickUse2": true,
		"showSVGs": true,
		"fontPref": {
			"prefix": "icon-",
			"metadata": {
				"fontFamily": "icomoon"
			},
			"metrics": {
				"emSize": 1024,
				"baseline": 6.25,
				"whitespace": 50
			},
			"embed": false
		},
		"imagePref": {
			"prefix": "icon-",
			"png": true,
			"useClassSelector": true,
			"color": 4473924,
			"bgColor": 16777215
		},
		"historySize": 100,
		"showCodes": false
	}
}